CREATE DATABASE wedding;
CREATE TABLE visitor (
    id varchar(20) NOT NULL PRIMARY KEY,
    email varchar(50) NOT NULL,
    password varchar(20) NOT NULL,
    visitor_fname varchar(20),
    visitor_lname varchar(20),
    partner_fname varchar(20),
    partner_lname varchar(20),
    engaged_date DATE,
    wed_date DATE,
    wed_venue varchar(30),
    created_at DATE NOT NULL,
    updated_at DATE NOT NULL
);
CREATE TABLE vendor (
    id varchar(20) NOT NULL PRIMARY KEY,
    email varchar(50) NOT NULL,
    password varchar(20) NOT NULL,
    first_name varchar(20) NOT NULL,
    last_name varchar(20) NOT NULL,
    business_name varchar(50) NOT NULL,
    phone bigint NOT NULL,
    city varchar(20) NOT NULL,
    category varchar(20) NOT NULL,
    created_at DATE NOT NULL,
    updated_at DATE NOT NULL
);
CREATE TABLE portfolio (
    id varchar(20) NOT NULL PRIMARY KEY,
    about varchar(200) NOT NULL,
    address varchar(100) NOT NULL,
    pfp varchar(40) NOT NULL,
    website varchar(40),
    instagram varchar(40),
    facebook varchar(40),
    twitter varchar(40),
    tiktok varchar(40),
    business_phone bigint NOT NULL,
    business_email varchar(20) NOT NULL,
    CONSTRAINT FK_pid FOREIGN KEY (id) REFERENCES vendor(id),
    created_at DATE NOT NULL,
    updated_at DATE NOT NULL
);
CREATE TABLE review (
    id varchar(20) NOT NULL PRIMARY KEY,
    visitor_id varchar(20) NOT NULL,
    vendor_id varchar(20) NOT NULL,
    review_text varchar(500),
    rating int NOT NULL,
    created_at DATE NOT NULL,
    updated_at DATE NOT NULL,
    CONSTRAINT FK_visitorid FOREIGN KEY (visitor_id) REFERENCES visitor(ID),
    CONSTRAINT FK_vendorid FOREIGN KEY (vendor_id) REFERENCES vendor(ID)
);
INSERT INTO visitor (
        id,
        email,
        password,
        visitor_fname,
        visitor_lname,
        partner_fname,
        partner_lname,
        engaged_date,
        wed_date,
        wed_venue,
        created_at,
        updated_at
    )
VALUES (
        'V001',
        'john.doe@example.com',
        'password123',
        'John',
        'Doe',
        'Jane',
        'Smith',
        '2023-06-15',
        '2024-06-15',
        'Negombo',
        '2023-06-15',
        '2023-06-15'
    ),
    (
        'V002',
        'mary.jane@example.com',
        'password123',
        'Mary',
        'Jane',
        'Robert',
        'Brown',
        '2022-12-01',
        '2023-12-01',
        'Kandy',
        '2022-12-01',
        '2022-12-01'
    ),
    (
        'V003',
        'mike.tyson@example.com',
        'password123',
        'Mike',
        'Tyson',
        'Sara',
        'Connor',
        '2021-11-20',
        '2022-11-20',
        'Galle',
        '2021-11-20',
        '2021-11-20'
    ),
    (
        'V004',
        'lisa.ann@example.com',
        'password123',
        'Lisa',
        'Ann',
        'George',
        'White',
        '2023-03-10',
        '2024-03-10',
        'Colombo',
        '2023-03-10',
        '2023-03-10'
    ),
    (
        'V005',
        'peter.parker@example.com',
        'password123',
        'Peter',
        'Parker',
        'Gwen',
        'Stacy',
        '2023-05-05',
        '2024-05-05',
        'Kandy',
        '2023-05-05',
        '2023-05-05'
    ),
    (
        'V006',
        'bruce.wayne@example.com',
        'password123',
        'Bruce',
        'Wayne',
        'Selina',
        'Kyle',
        '2023-02-14',
        '2024-02-14',
        'Gampaha',
        '2023-02-14',
        '2023-02-14'
    ),
    (
        'V007',
        'clark.kent@example.com',
        'password123',
        'Clark',
        'Kent',
        'Lois',
        'Lane',
        '2022-10-30',
        '2023-10-30',
        'Kurunegala',
        '2022-10-30',
        '2022-10-30'
    ),
    (
        'V008',
        'diana.prince@example.com',
        'password123',
        'Diana',
        'Prince',
        'Steve',
        'Trevor',
        '2022-09-12',
        '2023-09-12',
        'Kurunegala',
        '2022-09-12',
        '2022-09-12'
    ),
    (
        'V009',
        'tony.stark@example.com',
        'password123',
        'Tony',
        'Stark',
        'Pepper',
        'Potts',
        '2022-08-22',
        '2023-08-22',
        'Kegalle',
        '2022-08-22',
        '2022-08-22'
    ),
    (
        'V010',
        'natasha.romanoff@example.com',
        'password123',
        'Natasha',
        'Romanoff',
        'Bruce',
        'Banner',
        '2022-07-18',
        '2023-07-18',
        'Kandy',
        '2022-07-18',
        '2022-07-18'
    );
INSERT INTO vendor (
        id,
        email,
        password,
        first_name,
        last_name,
        business_name,
        phone,
        city,
        category,
        created_at,
        updated_at
    )
VALUES (
        'VD001',
        'vendor1@example.com',
        'password123',
        'Vendor',
        'One',
        'Business One',
        1234567890,
        'Colombo',
        'Photography',
        '2021-01-01',
        '2021-01-01'
    ),
    (
        'VD002',
        'vendor2@example.com',
        'password123',
        'Vendor',
        'Two',
        'Business Two',
        2345678901,
        'Kurunegala',
        'Jewelry',
        '2022-02-02',
        '2022-02-02'
    ),
    (
        'VD003',
        'vendor3@example.com',
        'password123',
        'Vendor',
        'Three',
        'Business Three',
        3456789012,
        'Kandy',
        'Florist',
        '2023-03-03',
        '2023-03-03'
    ),
    (
        'VD004',
        'vendor4@example.com',
        'password123',
        'Vendor',
        'Four',
        'Business Four',
        4567890123,
        'Gampaha',
        'DJ',
        '2024-04-04',
        '2024-04-04'
    ),
    (
        'VD005',
        'vendor5@example.com',
        'password123',
        'Vendor',
        'Five',
        'Business Five',
        5678901234,
        'Colombo',
        'Venue',
        '2021-05-05',
        '2021-05-05'
    ),
    (
        'VD006',
        'vendor6@example.com',
        'password123',
        'Vendor',
        'Six',
        'Business Six',
        6789012345,
        'Kurunegala',
        'Photography',
        '2022-06-06',
        '2022-06-06'
    ),
    (
        'VD007',
        'vendor7@example.com',
        'password123',
        'Vendor',
        'Seven',
        'Business Seven',
        7890123456,
        'Kegalle',
        'Wedding Cake',
        '2023-07-07',
        '2023-07-07'
    ),
    (
        'VD008',
        'vendor8@example.com',
        'password123',
        'Vendor',
        'Eight',
        'Business Eight',
        8901234567,
        'Kegalle',
        'Florist',
        '2024-08-08',
        '2024-08-08'
    ),
    (
        'VD009',
        'vendor9@example.com',
        'password123',
        'Vendor',
        'Nine',
        'Business Nine',
        9012345678,
        'Kandy',
        'DJ',
        '2021-09-09',
        '2021-09-09'
    ),
    (
        'VD010',
        'vendor10@example.com',
        'password123',
        'Vendor',
        'Ten',
        'Business Ten',
        1234567890,
        'Colombo',
        'Venue',
        '2022-10-10',
        '2022-10-10'
    );
INSERT INTO portfolio (
        id,
        about,
        address,
        pfp,
        website,
        instagram,
        facebook,
        twitter,
        tiktok,
        business_number,
        business_email,
        created_at,
        updated_at
    )
VALUES (
        'VD001',
        'Photography services for all occasions.',
        '123 Main St, Colombo',
        'pfp1.jpg',
        'www.vendor1.com',
        '@vendor1',
        '@vendor1',
        '@vendor1',
        '@vendor1',
        1234567890,
        'contact@vendor1.com',
        '2021-01-01',
        '2021-01-01'
    ),
    (
        'VD002',
        'Jewelry for weddings',
        '456 Elm St, Kurunegala',
        'pfp2.jpg',
        'www.vendor2.com',
        '@vendor2',
        '@vendor2',
        '@vendor2',
        '@vendor2',
        2345678901,
        'contact@vendor2.com',
        '2022-02-02',
        '2022-02-02'
    ),
    (
        'VD003',
        'Florist with a wide range of flowers.',
        '789 Oak St, Kandy',
        'pfp3.jpg',
        'www.vendor3.com',
        '@vendor3',
        '@vendor3',
        '@vendor3',
        '@vendor3',
        3456789012,
        'contact@vendor3.com',
        '2023-03-03',
        '2023-03-03'
    ),
    (
        'VD004',
        'Professional DJ services.',
        '101 Pine St, Houston, Gampaha',
        'pfp4.jpg',
        'www.vendor4.com',
        '@vendor4',
        '@vendor4',
        '@vendor4',
        '@vendor4',
        4567890123,
        'contact@vendor4.com',
        '2024-04-04',
        '2024-04-04'
    ),
    (
        'VD005',
        'Exclusive wedding venues.',
        '202 Maple St, Phoenix, Colombo',
        'pfp5.jpg',
        'www.vendor5.com',
        '@vendor5',
        '@vendor5',
        '@vendor5',
        '@vendor5',
        5678901234,
        'contact@vendor5.com',
        '2021-05-05',
        '2021-05-05'
    ),
    (
        'VD006',
        'Photography services for all occasions.',
        '303 Cedar St, Kurunegala',
        'pfp6.jpg',
        'www.vendor6.com',
        '@vendor6',
        '@vendor6',
        '@vendor6',
        '@vendor6',
        6789012345,
        'contact@vendor6.com',
        '2022-06-06',
        '2022-06-06'
    ),
    (
        'VD007',
        'Cakes for weddings and events.',
        '404 Birch St, Kegalle',
        'pfp7.jpg',
        'www.vendor7.com',
        '@vendor7',
        '@vendor7',
        '@vendor7',
        '@vendor7',
        7890123456,
        'contact@vendor7.com',
        '2023-07-07',
        '2023-07-07'
    ),
    (
        'VD008',
        'Florist with a wide range of flowers.',
        '505 Walnut St, Kegalle',
        'pfp8.jpg',
        'www.vendor8.com',
        '@vendor8',
        '@vendor8',
        '@vendor8',
        '@vendor8',
        8901234567,
        'contact@vendor8.com',
        '2024-08-08',
        '2024-08-08'
    ),
    (
        'VD009',
        'Professional DJ services.',
        '606 Chestnut St, Kandy',
        'pfp9.jpg',
        'www.vendor9.com',
        '@vendor9',
        '@vendor9',
        '@vendor9',
        '@vendor9',
        9012345678,
        'contact@vendor9.com',
        '2021-09-09',
        '2021-09-09'
    ),
    (
        'VD010',
        'Exclusive wedding venues.',
        '707 Spruce St, Colombo',
        'pfp10.jpg',
        'www.vendor10.com',
        '@vendor10',
        '@vendor10',
        '@vendor10',
        '@vendor10',
        1234567890,
        'contact@vendor10.com',
        '2022-10-10',
        '2022-10-10'
    );
INSERT INTO review (
        id,
        visitor_id,
        vendor_id,
        review_text,
        rating,
        created_at,
        updated_at
    )
VALUES (
        'R001',
        'V001',
        'VD001',
        'Great photography services!',
        5,
        '2023-06-20',
        '2023-06-20'
    ),
    (
        'R002',
        'V002',
        'VD002',
        'Jewelry for valuable price',
        4,
        '2022-12-05',
        '2022-12-05'
    ),
    (
        'R003',
        'V003',
        'VD003',
        'Beautiful flowers and arrangements.',
        5,
        '2021-11-25',
        '2021-11-25'
    ),
    (
        'R004',
        'V004',
        'VD004',
        'The DJ was amazing!',
        5,
        '2023-03-15',
        '2023-03-15'
    ),
    (
        'R005',
        'V005',
        'VD005',
        'Fantastic venue.',
        4,
        '2023-05-10',
        '2023-05-10'
    ),
    (
        'R006',
        'V006',
        'VD006',
        'Captured our moments perfectly.',
        5,
        '2023-02-18',
        '2023-02-18'
    ),
    (
        'R007',
        'V007',
        'VD007',
        'Great cake',
        4,
        '2022-11-01',
        '2022-11-01'
    ),
    (
        'R008',
        'V008',
        'VD008',
        'The flowers were perfect.',
        5,
        '2022-09-16',
        '2022-09-16'
    ),
    (
        'R009',
        'V009',
        'VD009',
        'Best DJ ever!',
        5,
        '2022-08-26',
        '2022-08-26'
    ),
    (
        'R010',
        'V010',
        'VD010',
        'Amazing venue.',
        5,
        '2022-07-22',
        '2022-07-22'
    );